{
	"authHost": "frontend.test",
	"authEndpoint": "/broadcasting/auth",
	"clients": [
		{
			"appId": "122a73b2582681a4",
			"key": "ab660dc1bb536afe6f20a3b4327756d3"
		}
	],
	"database": "redis",
	"databaseConfig": {
		"redis": {},
		"sqlite": {
			"databasePath": "/database/laravel-echo-server.sqlite"
		}
	},
	"devMode": true,
	"host": null,
	"port": "6001",
	"protocol": "http",
	"socketio": {},
	"secureOptions": 67108864,
	"sslCertPath": "",
	"sslKeyPath": "",
	"sslCertChainPath": "",
	"sslPassphrase": "",
	"subscribers": {
		"http": true,
		"redis": true
	},
	"apiOriginAllow": {
		"allowCors": false,
		"allowOrigin": "",
		"allowMethods": "",
		"allowHeaders": ""
	}
}